pH,0
0.00,-35.4063333333
1.00,-34.045
2.00,-32.6934848485
3.00,-31.3083333333
4.00,-29.9586666667
5.00,-28.5834722222
6.00,-27.2279220779
7.00,-25.87175
8.00,-24.4982857143
9.00,-23.151969697
10.00,-21.7645
11.00,-20.3648611111
12.00,-19.0663095238
13.00,-18.00575
14.00,-17.8396190476
