pH,Energy
0,-30.09125
1,-28.7245714286
2,-27.364
3,-25.9977777778
4,-24.6302797203
5,-23.2673809524
6,-21.8969230769
7,-20.542
8,-19.1614285714
9,-17.7591964286
10,-16.304
11,-15.6055844156
12,-15.702
13,-15.7505357143
14,-15.7638311688
