pH,Energy
0,-31.9800357143
1,-30.6071893939
2,-29.2182777778
3,-27.7246666667
4,-26.5329047619
5,-26.8102380952
6,-28.142987013
7,-29.6531111111
8,-31.0196428571
9,-32.3420138889
10,-33.5726666667
11,-35.3288333333
12,-38.0631302521
13,-40.798459596
14,-43.6110822511
