pH,Energy
0,-2462.95875338
1,-2366.24940136
2,-2268.90205804
3,-2171.0642354
4,-2079.94563285
5,-2002.71760911
6,-1927.79035311
7,-1853.59532817
8,-1787.79886078
9,-1726.63360602
10,-1670.79030635
11,-1645.76160305
12,-1654.87982418
13,-1673.10714511
14,-1707.82319014
