pH,Energy
0,-2460.70555911
1,-2363.79563879
2,-2266.47820365
3,-2169.086227
4,-2079.50748423
5,-2001.62583315
6,-1926.65437599
7,-1852.15385077
8,-1786.44551827
9,-1725.34774716
10,-1669.66508029
11,-1644.97764912
12,-1654.98823213
13,-1671.38059959
14,-1706.75897088
