pH,Energy
0,-2462.51876238
1,-2366.70965802
2,-2271.23180991
3,-2173.10714567
4,-2086.44510205
5,-2015.60184763
6,-1926.51304564
7,-1859.98235508
8,-1794.6910312
9,-1733.61419515
10,-1663.18061109
11,-1650.29506886
12,-1644.14508323
13,-1662.22143277
14,-1697.38713932
