pH,Energy
0,-1678.79636268
1,-1623.00779964
2,-1566.05592854
3,-1508.19033983
4,-1460.40559657
5,-1446.3903237
6,-1443.96972615
7,-1441.34328888
8,-1442.96440272
9,-1449.16994221
10,-1461.71807363
11,-1492.07186541
12,-1536.40411257
13,-1588.62623697
14,-1654.98104862
